Workbook

Sheet Dashboard
A1: 股票账户净值与市值管理看板 | B1: 股票账户净值与市值管理看板 | C1: 股票账户净值与市值管理看板 | D1: 股票账户净值与市值管理看板 | E1: 股票账户净值与市值管理看板 | F1: 股票账户净值与市值管理看板 | G1: 股票账户净值与市值管理看板 | H1: 股票账户净值与市值管理看板
A3: 指标 | B3: 当前值 | C3: 说明 | E3: 指标 | F3: 当前值 | G3: 说明
A4: 账户初始总值 | B4: =Accounts!B4 -> 27500000 | C4: 用户输入 | E4: A当前估算净值 | F4: =Accounts!B9 -> 18803481 | G4: 按初始占比分摊，可在 Accounts 改为手工值
A5: 当前总净值 | B5: =Accounts!B7 -> 20683829 | C5: 用户输入 | E5: B当前估算净值 | F5: =Accounts!B10 -> 1880348.1 | G5: 按初始占比分摊，可在 Accounts 改为手工值
A6: 累计盈亏 | B6: =B5-B4 -> -6816171 | C6: 当前净值 - 初始总值 | E6: A转入后资产 | F6: =Accounts!B16 -> 68803481 | G6: A当前 + 转入
A7: 累计收益率 | B7: =IFERROR(B6/B4,0) -> -0.24786076 | C7: 累计盈亏 / 初始总值 | E7: B转入后资产 | F7: =Accounts!B17 -> 1880348.1 | G7: B不变
A8: A追加转入 | B8: =Accounts!B13 -> 50000000 | C8: 用户输入 | E8: A转入后占比 | F8: =Accounts!B18 -> 0.97339776 | G8: A转入后资产 / 总资产
A9: 转入后总资产 | B9: =B5+B8 -> 70683829 | C9: 当前净值 + A追加转入 | E9: B转入后占比 | F9: =Accounts!B19 -> 0.026602239 | G9: B转入后资产 / 总资产
A10: 转入后净投入 | B10: =B4+B8 -> 77500000 | C10: 初始总值 + A追加转入 | E10: 回本所需收益率 | F10: =IFERROR(B10/B9-1,0) -> 0.09643183 | G10: 从转入后总资产回到转入后净投入
A11: 转入后盈亏 | B11: =B9-B10 -> -6816171 | C11: 转入后总资产 - 转入后净投入 | E11: 目标 10% 收益市值 | F11: =B10*(1+10%) -> 85250000 | G11: 转入后净投入 * 110%
A12: 转入后收益率 | B12: =IFERROR(B11/B10,0) -> -0.087950594 | C12: 转入后盈亏 / 转入后净投入 | E12: 目标 20% 收益市值 | F12: =B10*(1+20%) -> 93000000 | G12: 转入后净投入 * 120%
A15: 后续收益敏感性 | B15: 后续收益敏感性 | C15: 后续收益敏感性 | D15: 后续收益敏感性 | E15: 后续收益敏感性 | F15: 后续收益敏感性 | G15: 后续收益敏感性 | H15: 后续收益敏感性
A16: 后续收益率 | B16: 组合市值 | C16: 组合盈亏 | D16: 总收益率 | E16: A资产 | F16: B资产 | G16: 备注
A17: -0.3 | B17: =$B$9*(1+A17) -> 49478680 | C17: =B17-$B$10 -> -28021320 | D17: =IFERROR(C17/$B$10,0) -> -0.36156542 | E17: =$F$6*(1+A17) -> 48162437 | F17: =$F$7*(1+A17) -> 1316243.7 | G17: =IF(A17<0,"回撤情景",IF(A17=0,"转入后基准","盈利情景")) -> 回撤情景
A18: -0.2 | B18: =$B$9*(1+A18) -> 56547063 | C18: =B18-$B$10 -> -20952937 | D18: =IFERROR(C18/$B$10,0) -> -0.27036047 | E18: =$F$6*(1+A18) -> 55042785 | F18: =$F$7*(1+A18) -> 1504278.5 | G18: =IF(A18<0,"回撤情景",IF(A18=0,"转入后基准","盈利情景")) -> 回撤情景
A19: -0.1 | B19: =$B$9*(1+A19) -> 63615446 | C19: =B19-$B$10 -> -13884554 | D19: =IFERROR(C19/$B$10,0) -> -0.17915553 | E19: =$F$6*(1+A19) -> 61923133 | F19: =$F$7*(1+A19) -> 1692313.3 | G19: =IF(A19<0,"回撤情景",IF(A19=0,"转入后基准","盈利情景")) -> 回撤情景
A20: 0 | B20: =$B$9*(1+A20) -> 70683829 | C20: =B20-$B$10 -> -6816171 | D20: =IFERROR(C20/$B$10,0) -> -0.087950594 | E20: =$F$6*(1+A20) -> 68803481 | F20: =$F$7*(1+A20) -> 1880348.1 | G20: =IF(A20<0,"回撤情景",IF(A20=0,"转入后基准","盈利情景")) -> 转入后基准
A21: 0.1 | B21: =$B$9*(1+A21) -> 77752212 | C21: =B21-$B$10 -> 252211.9 | D21: =IFERROR(C21/$B$10,0) -> 0.0032543471 | E21: =$F$6*(1+A21) -> 75683829 | F21: =$F$7*(1+A21) -> 2068382.9 | G21: =IF(A21<0,"回撤情景",IF(A21=0,"转入后基准","盈利情景")) -> 盈利情景
A22: 0.2 | B22: =$B$9*(1+A22) -> 84820595 | C22: =B22-$B$10 -> 7320594.8 | D22: =IFERROR(C22/$B$10,0) -> 0.094459288 | E22: =$F$6*(1+A22) -> 82564177 | F22: =$F$7*(1+A22) -> 2256417.7 | G22: =IF(A22<0,"回撤情景",IF(A22=0,"转入后基准","盈利情景")) -> 盈利情景
A23: 0.3 | B23: =$B$9*(1+A23) -> 91888978 | C23: =B23-$B$10 -> 14388978 | D23: =IFERROR(C23/$B$10,0) -> 0.18566423 | E23: =$F$6*(1+A23) -> 89444525 | F23: =$F$7*(1+A23) -> 2444452.5 | G23: =IF(A23<0,"回撤情景",IF(A23=0,"转入后基准","盈利情景")) -> 盈利情景
A24: 0.5 | B24: =$B$9*(1+A24) -> 1.0602574e+08 | C24: =B24-$B$10 -> 28525744 | D24: =IFERROR(C24/$B$10,0) -> 0.36807411 | E24: =$F$6*(1+A24) -> 1.0320522e+08 | F24: =$F$7*(1+A24) -> 2820522.1 | G24: =IF(A24<0,"回撤情景",IF(A24=0,"转入后基准","盈利情景")) -> 盈利情景
A25: 1 | B25: =$B$9*(1+A25) -> 141367658 | C25: =B25-$B$10 -> 63867658 | D25: =IFERROR(C25/$B$10,0) -> 0.82409881 | E25: =$F$6*(1+A25) -> 1.3760696e+08 | F25: =$F$7*(1+A25) -> 3760696.2 | G25: =IF(A25<0,"回撤情景",IF(A25=0,"转入后基准","盈利情景")) -> 盈利情景

Sheet Accounts
A1: 账户输入与拆分 | B1: 账户输入与拆分 | C1: 账户输入与拆分 | D1: 账户输入与拆分 | E1: 账户输入与拆分 | F1: 账户输入与拆分
A3: 项目 | B3: 金额/比例 | C3: 说明 | D3: 输入类型
A4: 初始总值 | B4: 27500000 | C4: 账户初始值 | D4: 输入
A5: A初始值 | B5: 25000000 | C5: A账户初始资金 | D5: 输入
A6: B初始值 | B6: 2500000 | C6: B账户初始资金 | D6: 输入
A7: 当前总净值 | B7: 20683829 | C7: 当前账户总净值 | D7: 输入
A8: A初始占比 | B8: =IFERROR(B5/B4,0) -> 0.90909091 | C8: A初始值 / 初始总值 | D8: 公式
A9: A当前估算净值 | B9: =B7*B8 -> 18803481 | C9: 当前总净值 * A初始占比 | D9: 公式
A10: B当前估算净值 | B10: =B7-B9 -> 1880348.1 | C10: 当前总净值 - A当前估算 | D10: 公式
A11: 当前累计盈亏 | B11: =B7-B4 -> -6816171 | C11: 当前总净值 - 初始总值 | D11: 公式
A12: 当前收益率 | B12: =IFERROR(B11/B4,0) -> -0.24786076 | C12: 当前累计盈亏 / 初始总值 | D12: 公式
A13: A追加转入 | B13: 50000000 | C13: A当前追加转入金额 | D13: 输入
A14: 转入后总资产 | B14: =B7+B13 -> 70683829 | C14: 当前总净值 + A追加转入 | D14: 公式
A15: 转入后净投入 | B15: =B4+B13 -> 77500000 | C15: 初始总值 + A追加转入 | D15: 公式
A16: A转入后资产 | B16: =B9+B13 -> 68803481 | C16: A当前估算净值 + A追加转入 | D16: 公式
A17: B转入后资产 | B17: =B10 -> 1880348.1 | C17: B当前估算净值 | D17: 公式
A18: A转入后占比 | B18: =IFERROR(B16/B14,0) -> 0.97339776 | C18: A转入后资产 / 转入后总资产 | D18: 公式
A19: B转入后占比 | B19: =IFERROR(B17/B14,0) -> 0.026602239 | C19: B转入后资产 / 转入后总资产 | D19: 公式

Sheet Scenarios
A1: 后续收益与市值情景分析 | B1: 后续收益与市值情景分析 | C1: 后续收益与市值情景分析 | D1: 后续收益与市值情景分析 | E1: 后续收益与市值情景分析 | F1: 后续收益与市值情景分析 | G1: 后续收益与市值情景分析 | H1: 后续收益与市值情景分析 | J1: 目标收益倒推 | K1: 目标收益倒推 | L1: 目标收益倒推 | M1: 目标收益倒推 | N1: 目标收益倒推
A3: 后续收益率 | B3: 组合市值 | C3: 总盈亏 | D3: 总收益率 | E3: A资产 | F3: B资产 | G3: A占比 | H3: B占比 | J3: 目标总收益率 | K3: 目标市值 | L3: 所需增量市值 | M3: A目标资产 | N3: B目标资产
A4: -0.5 | B4: =Accounts!$B$14*(1+A4) -> 35341914 | C4: =B4-Accounts!$B$15 -> -42158086 | D4: =IFERROR(C4/Accounts!$B$15,0) -> -0.5439753 | E4: =Accounts!$B$16*(1+A4) -> 34401740 | F4: =Accounts!$B$17*(1+A4) -> 940174.05 | G4: =IFERROR(E4/B4,0) -> 0.97339776 | H4: =IFERROR(F4/B4,0) -> 0.026602239 | J4: 0 | K4: =Accounts!$B$15*(1+J4) -> 77500000 | L4: =K4-Accounts!$B$14 -> 6816171 | M4: =K4*Accounts!$B$18 -> 75438327 | N4: =K4*Accounts!$B$19 -> 2061673.5
A5: -0.4 | B5: =Accounts!$B$14*(1+A5) -> 42410297 | C5: =B5-Accounts!$B$15 -> -35089703 | D5: =IFERROR(C5/Accounts!$B$15,0) -> -0.45277036 | E5: =Accounts!$B$16*(1+A5) -> 41282089 | F5: =Accounts!$B$17*(1+A5) -> 1128208.9 | G5: =IFERROR(E5/B5,0) -> 0.97339776 | H5: =IFERROR(F5/B5,0) -> 0.026602239 | J5: 0.05 | K5: =Accounts!$B$15*(1+J5) -> 81375000 | L5: =K5-Accounts!$B$14 -> 10691171 | M5: =K5*Accounts!$B$18 -> 79210243 | N5: =K5*Accounts!$B$19 -> 2164757.2
A6: -0.3 | B6: =Accounts!$B$14*(1+A6) -> 49478680 | C6: =B6-Accounts!$B$15 -> -28021320 | D6: =IFERROR(C6/Accounts!$B$15,0) -> -0.36156542 | E6: =Accounts!$B$16*(1+A6) -> 48162437 | F6: =Accounts!$B$17*(1+A6) -> 1316243.7 | G6: =IFERROR(E6/B6,0) -> 0.97339776 | H6: =IFERROR(F6/B6,0) -> 0.026602239 | J6: 0.1 | K6: =Accounts!$B$15*(1+J6) -> 85250000 | L6: =K6-Accounts!$B$14 -> 14566171 | M6: =K6*Accounts!$B$18 -> 82982159 | N6: =K6*Accounts!$B$19 -> 2267840.8
A7: -0.2 | B7: =Accounts!$B$14*(1+A7) -> 56547063 | C7: =B7-Accounts!$B$15 -> -20952937 | D7: =IFERROR(C7/Accounts!$B$15,0) -> -0.27036047 | E7: =Accounts!$B$16*(1+A7) -> 55042785 | F7: =Accounts!$B$17*(1+A7) -> 1504278.5 | G7: =IFERROR(E7/B7,0) -> 0.97339776 | H7: =IFERROR(F7/B7,0) -> 0.026602239 | J7: 0.2 | K7: =Accounts!$B$15*(1+J7) -> 93000000 | L7: =K7-Accounts!$B$14 -> 22316171 | M7: =K7*Accounts!$B$18 -> 90525992 | N7: =K7*Accounts!$B$19 -> 2474008.2
A8: -0.1 | B8: =Accounts!$B$14*(1+A8) -> 63615446 | C8: =B8-Accounts!$B$15 -> -13884554 | D8: =IFERROR(C8/Accounts!$B$15,0) -> -0.17915553 | E8: =Accounts!$B$16*(1+A8) -> 61923133 | F8: =Accounts!$B$17*(1+A8) -> 1692313.3 | G8: =IFERROR(E8/B8,0) -> 0.97339776 | H8: =IFERROR(F8/B8,0) -> 0.026602239 | J8: 0.3 | K8: =Accounts!$B$15*(1+J8) -> 100750000 | L8: =K8-Accounts!$B$14 -> 30066171 | M8: =K8*Accounts!$B$18 -> 98069824 | N8: =K8*Accounts!$B$19 -> 2680175.5
A9: 0 | B9: =Accounts!$B$14*(1+A9) -> 70683829 | C9: =B9-Accounts!$B$15 -> -6816171 | D9: =IFERROR(C9/Accounts!$B$15,0) -> -0.087950594 | E9: =Accounts!$B$16*(1+A9) -> 68803481 | F9: =Accounts!$B$17*(1+A9) -> 1880348.1 | G9: =IFERROR(E9/B9,0) -> 0.97339776 | H9: =IFERROR(F9/B9,0) -> 0.026602239 | J9: 0.5 | K9: =Accounts!$B$15*(1+J9) -> 116250000 | L9: =K9-Accounts!$B$14 -> 45566171 | M9: =K9*Accounts!$B$18 -> 1.1315749e+08 | N9: =K9*Accounts!$B$19 -> 3092510.2
A10: 0.05 | B10: =Accounts!$B$14*(1+A10) -> 74218020 | C10: =B10-Accounts!$B$15 -> -3281979.5 | D10: =IFERROR(C10/Accounts!$B$15,0) -> -0.042348123 | E10: =Accounts!$B$16*(1+A10) -> 72243655 | F10: =Accounts!$B$17*(1+A10) -> 1974365.5 | G10: =IFERROR(E10/B10,0) -> 0.97339776 | H10: =IFERROR(F10/B10,0) -> 0.026602239
A11: 0.1 | B11: =Accounts!$B$14*(1+A11) -> 77752212 | C11: =B11-Accounts!$B$15 -> 252211.9 | D11: =IFERROR(C11/Accounts!$B$15,0) -> 0.0032543471 | E11: =Accounts!$B$16*(1+A11) -> 75683829 | F11: =Accounts!$B$17*(1+A11) -> 2068382.9 | G11: =IFERROR(E11/B11,0) -> 0.97339776 | H11: =IFERROR(F11/B11,0) -> 0.026602239
A12: 0.2 | B12: =Accounts!$B$14*(1+A12) -> 84820595 | C12: =B12-Accounts!$B$15 -> 7320594.8 | D12: =IFERROR(C12/Accounts!$B$15,0) -> 0.094459288 | E12: =Accounts!$B$16*(1+A12) -> 82564177 | F12: =Accounts!$B$17*(1+A12) -> 2256417.7 | G12: =IFERROR(E12/B12,0) -> 0.97339776 | H12: =IFERROR(F12/B12,0) -> 0.026602239
A13: 0.3 | B13: =Accounts!$B$14*(1+A13) -> 91888978 | C13: =B13-Accounts!$B$15 -> 14388978 | D13: =IFERROR(C13/Accounts!$B$15,0) -> 0.18566423 | E13: =Accounts!$B$16*(1+A13) -> 89444525 | F13: =Accounts!$B$17*(1+A13) -> 2444452.5 | G13: =IFERROR(E13/B13,0) -> 0.97339776 | H13: =IFERROR(F13/B13,0) -> 0.026602239
A14: 0.5 | B14: =Accounts!$B$14*(1+A14) -> 1.0602574e+08 | C14: =B14-Accounts!$B$15 -> 28525744 | D14: =IFERROR(C14/Accounts!$B$15,0) -> 0.36807411 | E14: =Accounts!$B$16*(1+A14) -> 1.0320522e+08 | F14: =Accounts!$B$17*(1+A14) -> 2820522.1 | G14: =IFERROR(E14/B14,0) -> 0.97339776 | H14: =IFERROR(F14/B14,0) -> 0.026602239
A15: 0.8 | B15: =Accounts!$B$14*(1+A15) -> 1.2723089e+08 | C15: =B15-Accounts!$B$15 -> 49730892 | D15: =IFERROR(C15/Accounts!$B$15,0) -> 0.64168893 | E15: =Accounts!$B$16*(1+A15) -> 1.2384627e+08 | F15: =Accounts!$B$17*(1+A15) -> 3384626.6 | G15: =IFERROR(E15/B15,0) -> 0.97339776 | H15: =IFERROR(F15/B15,0) -> 0.026602239
A16: 1 | B16: =Accounts!$B$14*(1+A16) -> 141367658 | C16: =B16-Accounts!$B$15 -> 63867658 | D16: =IFERROR(C16/Accounts!$B$15,0) -> 0.82409881 | E16: =Accounts!$B$16*(1+A16) -> 1.3760696e+08 | F16: =Accounts!$B$17*(1+A16) -> 3760696.2 | G16: =IFERROR(E16/B16,0) -> 0.97339776 | H16: =IFERROR(F16/B16,0) -> 0.026602239
A17: 1.5 | B17: =Accounts!$B$14*(1+A17) -> 1.7670957e+08 | C17: =B17-Accounts!$B$15 -> 99209572 | D17: =IFERROR(C17/Accounts!$B$15,0) -> 1.2801235 | E17: =Accounts!$B$16*(1+A17) -> 1.720087e+08 | F17: =Accounts!$B$17*(1+A17) -> 4700870.2 | G17: =IFERROR(E17/B17,0) -> 0.97339776 | H17: =IFERROR(F17/B17,0) -> 0.026602239
A18: 2 | B18: =Accounts!$B$14*(1+A18) -> 212051487 | C18: =B18-Accounts!$B$15 -> 134551487 | D18: =IFERROR(C18/Accounts!$B$15,0) -> 1.7361482 | E18: =Accounts!$B$16*(1+A18) -> 2.0641044e+08 | F18: =Accounts!$B$17*(1+A18) -> 5641044.3 | G18: =IFERROR(E18/B18,0) -> 0.97339776 | H18: =IFERROR(F18/B18,0) -> 0.026602239

Sheet Ledger
A1: 资金流水和净值跟踪 | B1: 资金流水和净值跟踪 | C1: 资金流水和净值跟踪 | D1: 资金流水和净值跟踪 | E1: 资金流水和净值跟踪 | F1: 资金流水和净值跟踪 | G1: 资金流水和净值跟踪 | H1: 资金流水和净值跟踪
A3: 日期 | B3: 账户 | C3: 动作 | D3: 现金流 | E3: 期末市值 | F3: 净投入累计 | G3: 累计盈亏 | H3: 累计收益率
A4: 46210 | B4: 组合 | C4: 初始投入 | D4: 27500000 | E4: 27500000 | F4: =SUM($D$4:D4) -> 27500000 | G4: =IF(E4="","",E4-F4) -> 0 | H4: =IFERROR(G4/F4,0) -> 0
A5: 46210 | B5: 组合 | C5: 当前净值记录 | D5: 0 | E5: 20683829 | F5: =SUM($D$4:D5) -> 27500000 | G5: =IF(E5="","",E5-F5) -> -6816171 | H5: =IFERROR(G5/F5,0) -> -0.24786076
A6: 46210 | B6: A | C6: 追加转入 | D6: 50000000 | E6: 70683829 | F6: =SUM($D$4:D6) -> 77500000 | G6: =IF(E6="","",E6-F6) -> -6816171 | H6: =IFERROR(G6/F6,0) -> -0.087950594
F7: =SUM($D$4:D7) -> 77500000 | G7: =IF(E7="","",E7-F7) | H7: =IFERROR(G7/F7,0) -> 0
F8: =SUM($D$4:D8) -> 77500000 | G8: =IF(E8="","",E8-F8) | H8: =IFERROR(G8/F8,0) -> 0
F9: =SUM($D$4:D9) -> 77500000 | G9: =IF(E9="","",E9-F9) | H9: =IFERROR(G9/F9,0) -> 0
F10: =SUM($D$4:D10) -> 77500000 | G10: =IF(E10="","",E10-F10) | H10: =IFERROR(G10/F10,0) -> 0
F11: =SUM($D$4:D11) -> 77500000 | G11: =IF(E11="","",E11-F11) | H11: =IFERROR(G11/F11,0) -> 0
F12: =SUM($D$4:D12) -> 77500000 | G12: =IF(E12="","",E12-F12) | H12: =IFERROR(G12/F12,0) -> 0
F13: =SUM($D$4:D13) -> 77500000 | G13: =IF(E13="","",E13-F13) | H13: =IFERROR(G13/F13,0) -> 0
F14: =SUM($D$4:D14) -> 77500000 | G14: =IF(E14="","",E14-F14) | H14: =IFERROR(G14/F14,0) -> 0
F15: =SUM($D$4:D15) -> 77500000 | G15: =IF(E15="","",E15-F15) | H15: =IFERROR(G15/F15,0) -> 0
F16: =SUM($D$4:D16) -> 77500000 | G16: =IF(E16="","",E16-F16) | H16: =IFERROR(G16/F16,0) -> 0
F17: =SUM($D$4:D17) -> 77500000 | G17: =IF(E17="","",E17-F17) | H17: =IFERROR(G17/F17,0) -> 0
F18: =SUM($D$4:D18) -> 77500000 | G18: =IF(E18="","",E18-F18) | H18: =IFERROR(G18/F18,0) -> 0
... F30: =SUM($D$4:D30) -> 77500000 | G30: =IF(E30="","",E30-F30) | H30: =IFERROR(G30/F30,0) -> 0

Sheet Sources
A1: 来源、假设与使用说明 | B1: 来源、假设与使用说明 | C1: 来源、假设与使用说明 | D1: 来源、假设与使用说明 | F1: 模型检查 | G1: 模型检查 | H1: 模型检查 | I1: 模型检查 | J1: 模型检查
A3: 项目 | B3: 值 | C3: 来源/说明 | D3: 可编辑 | F3: 检查项 | G3: 实际 | H3: 预期 | I3: 差异 | J3: 状态
A4: 账户初始值 | B4: 27500000 | C4: 用户提供：账户初始值 | D4: 是 | F4: A+B初始值=初始总值 | G4: =Accounts!B5+Accounts!B6 -> 27500000 | H4: =Accounts!B4 -> 27500000 | I4: =G4-H4 -> 0 | J4: =IF(ABS(I4)<1,"OK","CHECK") -> OK
A5: A初始值 | B5: 25000000 | C5: 用户提供：A占25000000 | D5: 是 | F5: A+B转入后资产=转入后总资产 | G5: =Accounts!B16+Accounts!B17 -> 70683829 | H5: =Accounts!B14 -> 70683829 | I5: =G5-H5 -> 0 | J5: =IF(ABS(I5)<1,"OK","CHECK") -> OK
A6: B初始值 | B6: 2500000 | C6: 用户提供：B占2500000 | D6: 是 | F6: A+B转入后占比=100% | G6: =Accounts!B18+Accounts!B19 -> 1 | H6: =1 -> 1 | I6: =G6-H6 -> 0 | J6: =IF(ABS(I6)<0.0001,"OK","CHECK") -> OK
A7: 当前总净值 | B7: 20683829 | C7: 用户提供：目前净值20683829 | D7: 是 | F7: Dashboard总资产=Accounts总资产 | G7: =Dashboard!B9 -> 70683829 | H7: =Accounts!B14 -> 70683829 | I7: =G7-H7 -> 0 | J7: =IF(ABS(I7)<1,"OK","CHECK") -> OK
A8: A追加转入 | B8: 50000000 | C8: 用户提供：A当前再转入50000000 | D8: 是
A9: 当前A/B拆分 | B9: 按初始占比分摊 | C9: 如果有真实A/B当前值，可在 Accounts 直接替换 A当前估算/B当前估算的逻辑 | D9: 可改
A10: 模型单位 | B10: 人民币元 | C10: 所有金额为元，显示为人民币 | D10: 否
A11: 后续收益率 | B11: 情景变量 | C11: Scenarios 中可修改收益率行 | D11: 是
